{
  "concurrent_1_medium": [
    {
      "name": "concurrent_1_medium",
      "database": "scylla",
      "iterations": 3,
      "times": [
        0.04136157035827637,
        0.04377293586730957,
        0.13550853729248047
      ],
      "min": 0.04136157035827637,
      "max": 0.13550853729248047,
      "mean": 0.0735476811726888,
      "median": 0.04377293586730957,
      "std_dev": 0.04382399981157723,
      "total": 0.2206430435180664
    },
    {
      "name": "concurrent_1_medium",
      "database": "duckdb",
      "iterations": 3,
      "times": [
        0.8271350860595703,
        0.8629286289215088,
        0.955498456954956
      ],
      "min": 0.8271350860595703,
      "max": 0.955498456954956,
      "mean": 0.8818540573120117,
      "median": 0.8629286289215088,
      "std_dev": 0.05408584304436563,
      "total": 2.645562171936035
    }
  ],
  "concurrent_4_medium": [
    {
      "name": "concurrent_4_medium",
      "database": "scylla",
      "iterations": 3,
      "times": [
        0.056906700134277344,
        0.05275297164916992,
        0.05204153060913086
      ],
      "min": 0.05204153060913086,
      "max": 0.056906700134277344,
      "mean": 0.05390040079752604,
      "median": 0.05275297164916992,
      "std_dev": 0.0021455246234858977,
      "total": 0.16170120239257812
    },
    {
      "name": "concurrent_4_medium",
      "database": "duckdb",
      "iterations": 3,
      "times": [
        1.1003737449645996,
        1.0769784450531006,
        1.1214072704315186
      ],
      "min": 1.0769784450531006,
      "max": 1.1214072704315186,
      "mean": 1.0995864868164062,
      "median": 1.1003737449645996,
      "std_dev": 0.018146532500185112,
      "total": 3.2987594604492188
    }
  ],
  "concurrent_16_medium": [
    {
      "name": "concurrent_16_medium",
      "database": "scylla",
      "iterations": 3,
      "times": [
        0.137739896774292,
        0.09992170333862305,
        0.10677242279052734
      ],
      "min": 0.09992170333862305,
      "max": 0.137739896774292,
      "mean": 0.11481134096781413,
      "median": 0.10677242279052734,
      "std_dev": 0.016452397855231768,
      "total": 0.3444340229034424
    },
    {
      "name": "concurrent_16_medium",
      "database": "duckdb",
      "iterations": 3,
      "times": [
        2.0808451175689697,
        1.51450514793396,
        1.7568578720092773
      ],
      "min": 1.51450514793396,
      "max": 2.0808451175689697,
      "mean": 1.7840693791707356,
      "median": 1.7568578720092773,
      "std_dev": 0.23200659458018935,
      "total": 5.352208137512207
    }
  ]
}